{ "products": [
    {"product":"Talech Starter", "tags": ["US", "CANADA", "INTERNATIONAL", "MENUMGT", "GCARD", "LOYALTY", "GCARDLOYALTY"], "sortorder": 1},
    {"product":"Talech Standard", "tags": ["US", "CANADA", "MULTIREP", "MOBILITY", "INTERNATIONAL", "ECOMMERCE", "MENUMGT", "GCARD", "LOYALTY", "GCARDLOYALTY"], "sortorder": 2},
    {"product":"Taltech Online Ordering Standard", "tags":["US", "MULTIREP", "MOBILITY", "INTERNATIONAL", "ECOMMERCE", "GCARD", "LOYALTY", "GCARDLOYALTY"], "sortorder": 3},
    {"product":"Taltech Online Ordering Premium", "tags":["US", "MULTIREP", "MOBILITY", "INTERNATIONAL", "ECOMMERCE","MENUMGT", "MULTICAP", "GCARD", "LOYALTY", "GCARDLOYALTY"], "sortorder": 4},
    {"product":"Talech Premium", "tags": ["US", "CANADA", "MULTIREP", "MOBILITY", "INTERNATIONAL", "ECOMMERCE", "MULTICAP", "GCARD", "LOYALTY", "GCARDLOYALTY"], "sortorder": 5},
    {"product":"Poynt", "tags": ["US", "CANADA", "MULTIREP", "MOBILITY", "INTERNATIONAL"], "sortorder": 6},
    {"product":"Poynt 3G", "tags": ["US", "CANADA", "MULTIREP", "MOBILITY", "INTERNATIONAL"], "sortorder": 7},
    {"product":"Poynt 5", "tags": ["US", "CANADA", "MULTIREP", "MOBILITY", "INTERNATIONAL"], "sortorder": 8},
    {"product":"Taltech on Moby70 or Poynt", "tags": ["US", "MULTIREP", "MOBILITY", "INTERNATIONAL", "ECOMMERCE", "MENUMGT", "MULTICAP", "GCARD", "LOYALTY", "GCARDLOYALTY"], "sortorder": 9},
    {"product":"NCR Silver", "tags": ["US", "MENUMGT"], "sortorder": 10},
    {"product":"NCR Silver Commerce", "tags": ["US", "MULTIREP", "MOBILITY", "INTERNATIONAL", "ECOMMERCE", "MENUMGT", "MULTICAP"], "sortorder": 11},
    {"product":"NCR Silver PRO", "tags": ["US", "MULTIREP", "INTERNATIONAL", "ECOMMERCE", "MENUMGT", "MULTICAP"], "sortorder": 12},
    {"product":"Ingenico Wireless", "tags": ["US", "CANADA", "MULTIREP", "MOBILITY", "GCARD"], "sortorder": 13},
    {"product":"Ingenico Bluetooth", "tags": ["US", "CANADA", "MULTIREP", "MOBILITY", "GCARD"], "sortorder": 14}

]}